{"name": "All Pathways (63)", "children": [{"name": "Interleukin signaling pathway", "children": [{"name": " Immune response_IL-1 signaling pathway", "size": 8.461379267534639}, {"name": " Immune response_IL-10 signaling pathway", "size": 12.538489211851186}, {"name": " Immune response_IL-22 signaling pathway", "size": 16.78399569252207}, {"name": " Immune response_IL-9 signaling pathway", "size": 7.601640817453074}]}, {"name": 2, "children": [{"name": " Immune response_Immunological synapse formation", "size": 12.78410475083939}, {"name": " Immune response_Role of HMGB1 in dendritic cell maturation and migration", "size": 22.4895197422141}, {"name": " Immune response_TREM1 signaling pathway", "size": 14.626788649278978}]}, {"name": "T cell response pathway", "children": [{"name": " Immune response_T cell receptor signaling pathway", "size": 4.316461730945093}, {"name": " Immune response_TCR and CD28 co-stimulation in activation of NF-kB", "size": 10.620598697880553}, {"name": " Immune response_Th1 and Th2 cell differentiation", "size": 31.026401321875085}, {"name": " Immune response_Th17 cell differentiation", "size": 16.908060165120617}]}, {"name": "Histamine signaling pathway", "children": [{"name": " Immune response_Histamine H1 receptor signaling in immune response", "size": 6.681905004305236}, {"name": " Immune response_Histamine signaling in dendritic cells", "size": 9.723508326072178}]}, {"name": "MHC signaling pathway", "children": [{"name": " Immune response_Antigen presentation by MHC class II", "size": 3.4375897519624345}]}, {"name": "Cluster differentiation factor signaling pathway", "children": [{"name": " Immune response_CD16 signaling in NK cells", "size": 10.440141668185163}]}, {"name": "Macrophage migration inhibition pathway", "children": [{"name": " Immune response_MIF in innate immunity response", "size": 16.198652960182798}, {"name": " Immune response_MIF-mediated glucocorticoid regulation", "size": 14.405949200096302}]}, {"name": "Inflammation pathway", "children": [{"name": " Immune response_HMGB1 release from the cell", "size": 15.128057703096701}, {"name": " Immune response_HMGB1/RAGE signaling pathway", "size": 10.536802846892087}, {"name": " Immune response_HMGB1/TLR signaling pathway", "size": 25.865455305172063}, {"name": " Immune response_Inflammasome in inflammatory response", "size": 8.905403887057183}, {"name": " Immune response_Inhibitory action of Lipoxins on pro-inflammatory TNF-alpha signaling", "size": 6.204883967494524}, {"name": " Immune response_PGE2 in immune and neuroendocrine system interactions", "size": 3.049001265743854}, {"name": " Immune response_PGE2 signaling in immune response", "size": 20.486829836714833}]}, {"name": "Immune cell survival pathway", "children": [{"name": " Apoptosis and survival_Anti-apoptotic TNFs/NF-kB/Bcl-2 pathway", "size": 5.32797956756832}, {"name": " Apoptosis and survival_Anti-apoptotic TNFs/NF-kB/IAP pathway", "size": 2.5680735432447186}, {"name": " Apoptosis and survival_Apoptotic TNF-family pathways", "size": 5.4618967639092375}, {"name": " Apoptosis and survival_TNFR1 signaling pathway", "size": 2.4354897583255024}]}]}